{"UUID":"24bIR6HXN1krhTQGrXkTrI","layoutMainAxisSizing":null,"layoutCrossAxisSizing":null,"name":"BMS Design","isVisible":true,"boundaryRectangle":null,"style":null,"prototypeNodeUUID":null,"child":null,"constraints":null,"debug":false,"pngPath":"/usr/src/app/temp-out/pb-tmp-7884e204-aced-4c91-a0df-7d85ae32e747/bms_design/lib/assets/images","designSystem":{"UUID":"","layoutMainAxisSizing":null,"layoutCrossAxisSizing":null,"name":"material3","isVisible":false,"boundaryRectangle":null,"pbdlType":null,"style":null,"prototypeNodeUUID":"","child":null,"constraints":null,"textStyles":["bodyLarge","bodyMedium","bodySmall","displayLarge","displayMedium","displaySmall","headlineLarge","headlineMedium","headlineSmall","labelLarge","labelMedium","labelSmall","titleLarge","titleMedium","titleSmall"],"colorSchemes":[{"UUID":"","layoutMainAxisSizing":null,"layoutCrossAxisSizing":null,"name":"light","isVisible":false,"boundaryRectangle":null,"pbdlType":null,"style":null,"prototypeNodeUUID":"","child":null,"constraints":null,"supportedAttributes":["primary","onPrimary","primaryContainer","onPrimaryContainer","secondary","onSecondary","secondaryContainer","onSecondaryContainer","tertiary","onTertiary","tertiaryContainer","onTertiaryContainer","error","onError","errorContainer","onErrorContainer","background","onBackground","surface","onSurface","surfaceVariant","onSurfaceVariant","outline","shadow","inverseSurface","onInverseSurface","inversePrimary","surfaceTint"]},{"UUID":"","layoutMainAxisSizing":null,"layoutCrossAxisSizing":null,"name":"dark","isVisible":false,"boundaryRectangle":null,"pbdlType":null,"style":null,"prototypeNodeUUID":"","child":null,"constraints":null,"supportedAttributes":["primary","onPrimary","primaryContainer","onPrimaryContainer","secondary","onSecondary","secondaryContainer","onSecondaryContainer","tertiary","onTertiary","tertiaryContainer","onTertiaryContainer","error","onError","errorContainer","onErrorContainer","background","onBackground","surface","onSurface","surfaceVariant","onSurfaceVariant","outline","shadow","inverseSurface","onInverseSurface","inversePrimary","surfaceTint"]}]},"pages":[{"UUID":"0:1","layoutMainAxisSizing":null,"layoutCrossAxisSizing":null,"name":"Scratch Pad","isVisible":true,"boundaryRectangle":null,"style":null,"prototypeNodeUUID":null,"child":null,"constraints":null,"convert":true,"screens":[],"pbdlType":"page"},{"UUID":"194:2656","layoutMainAxisSizing":null,"layoutCrossAxisSizing":null,"name":"Patients","isVisible":true,"boundaryRectangle":null,"style":null,"prototypeNodeUUID":null,"child":null,"constraints":null,"convert":true,"screens":[],"pbdlType":"page"},{"UUID":"3:4","layoutMainAxisSizing":null,"layoutCrossAxisSizing":null,"name":"Clinics","isVisible":true,"boundaryRectangle":null,"style":null,"prototypeNodeUUID":null,"child":null,"constraints":null,"convert":true,"screens":[],"pbdlType":"page"},{"UUID":"5:2","layoutMainAxisSizing":null,"layoutCrossAxisSizing":null,"name":"Cover","isVisible":true,"boundaryRectangle":null,"style":null,"prototypeNodeUUID":null,"child":null,"constraints":null,"convert":true,"screens":[],"pbdlType":"page"}],"miscPages":[],"sharedStyles":[],"globalStyles":{"UUID":"","layoutMainAxisSizing":null,"layoutCrossAxisSizing":null,"name":"","isVisible":false,"boundaryRectangle":null,"style":null,"prototypeNodeUUID":null,"child":null,"constraints":null,"pbdlType":"global_styles","designSystem":"material3","colors":[{"UUID":"3:6","layoutMainAxisSizing":null,"layoutCrossAxisSizing":null,"name":"040","isVisible":false,"boundaryRectangle":null,"style":null,"prototypeNodeUUID":null,"child":null,"constraints":null,"description":"","pbdlType":"global_color","color":{"a":1.0,"r":0.7925665378570557,"g":0.38239580392837524,"b":0.8009374737739563}},{"UUID":"13:77","layoutMainAxisSizing":null,"layoutCrossAxisSizing":null,"name":"neutral/50","isVisible":false,"boundaryRectangle":null,"style":null,"prototypeNodeUUID":null,"child":null,"constraints":null,"description":"","pbdlType":"global_color","color":{"a":1.0,"r":0.9764705896377563,"g":0.9803921580314636,"b":0.9843137264251709}},{"UUID":"13:78","layoutMainAxisSizing":null,"layoutCrossAxisSizing":null,"name":"neutral/100","isVisible":false,"boundaryRectangle":null,"style":null,"prototypeNodeUUID":null,"child":null,"constraints":null,"description":"","pbdlType":"global_color","color":{"a":1.0,"r":0.9529411792755127,"g":0.95686274766922,"b":0.9647058844566345}},{"UUID":"13:79","layoutMainAxisSizing":null,"layoutCrossAxisSizing":null,"name":"neutral/200","isVisible":false,"boundaryRectangle":null,"style":null,"prototypeNodeUUID":null,"child":null,"constraints":null,"description":"","pbdlType":"global_color","color":{"a":1.0,"r":0.8980392217636108,"g":0.9058823585510254,"b":0.9215686321258545}},{"UUID":"13:80","layoutMainAxisSizing":null,"layoutCrossAxisSizing":null,"name":"neutral/300","isVisible":false,"boundaryRectangle":null,"style":null,"prototypeNodeUUID":null,"child":null,"constraints":null,"description":"","pbdlType":"global_color","color":{"a":1.0,"r":0.8196078538894653,"g":0.8352941274642944,"b":0.8588235378265381}},{"UUID":"13:81","layoutMainAxisSizing":null,"layoutCrossAxisSizing":null,"name":"neutral/400","isVisible":false,"boundaryRectangle":null,"style":null,"prototypeNodeUUID":null,"child":null,"constraints":null,"description":"","pbdlType":"global_color","color":{"a":1.0,"r":0.6117647290229797,"g":0.6392157077789307,"b":0.686274528503418}},{"UUID":"13:82","layoutMainAxisSizing":null,"layoutCrossAxisSizing":null,"name":"neutral/500","isVisible":false,"boundaryRectangle":null,"style":null,"prototypeNodeUUID":null,"child":null,"constraints":null,"description":"","pbdlType":"global_color","color":{"a":1.0,"r":0.41960784792900085,"g":0.4470588266849518,"b":0.501960813999176}},{"UUID":"13:83","layoutMainAxisSizing":null,"layoutCrossAxisSizing":null,"name":"neutral/600","isVisible":false,"boundaryRectangle":null,"style":null,"prototypeNodeUUID":null,"child":null,"constraints":null,"description":"","pbdlType":"global_color","color":{"a":1.0,"r":0.29411765933036804,"g":0.3333333432674408,"b":0.38823530077934265}},{"UUID":"13:84","layoutMainAxisSizing":null,"layoutCrossAxisSizing":null,"name":"neutral/700","isVisible":false,"boundaryRectangle":null,"style":null,"prototypeNodeUUID":null,"child":null,"constraints":null,"description":"","pbdlType":"global_color","color":{"a":1.0,"r":0.21568627655506134,"g":0.2549019753932953,"b":0.3176470696926117}},{"UUID":"13:85","layoutMainAxisSizing":null,"layoutCrossAxisSizing":null,"name":"neutral/800","isVisible":false,"boundaryRectangle":null,"style":null,"prototypeNodeUUID":null,"child":null,"constraints":null,"description":"","pbdlType":"global_color","color":{"a":1.0,"r":0.12156862765550613,"g":0.16078431904315948,"b":0.21568627655506134}},{"UUID":"13:86","layoutMainAxisSizing":null,"layoutCrossAxisSizing":null,"name":"neutral/900","isVisible":false,"boundaryRectangle":null,"style":null,"prototypeNodeUUID":null,"child":null,"constraints":null,"description":"","pbdlType":"global_color","color":{"a":1.0,"r":0.06666667014360428,"g":0.0941176488995552,"b":0.15294118225574493}},{"UUID":"13:133","layoutMainAxisSizing":null,"layoutCrossAxisSizing":null,"name":"primary/500","isVisible":false,"boundaryRectangle":null,"style":null,"prototypeNodeUUID":null,"child":null,"constraints":null,"description":"","pbdlType":"global_color","color":{"a":1.0,"r":0.12941177189350128,"g":0.1725490242242813,"b":0.9058823585510254}},{"UUID":"13:134","layoutMainAxisSizing":null,"layoutCrossAxisSizing":null,"name":"primary/600","isVisible":false,"boundaryRectangle":null,"style":null,"prototypeNodeUUID":null,"child":null,"constraints":null,"description":"","pbdlType":"global_color","color":{"a":1.0,"r":0.07804882526397705,"g":0.11382127553224564,"b":0.7219511866569519}},{"UUID":"13:135","layoutMainAxisSizing":null,"layoutCrossAxisSizing":null,"name":"primary/700","isVisible":false,"boundaryRectangle":null,"style":null,"prototypeNodeUUID":null,"child":null,"constraints":null,"description":"","pbdlType":"global_color","color":{"a":1.0,"r":0.0585365891456604,"g":0.08536592870950699,"b":0.5414634346961975}},{"UUID":"13:136","layoutMainAxisSizing":null,"layoutCrossAxisSizing":null,"name":"primary/800","isVisible":false,"boundaryRectangle":null,"style":null,"prototypeNodeUUID":null,"child":null,"constraints":null,"description":"","pbdlType":"global_color","color":{"a":1.0,"r":0.039024412631988525,"g":0.05691063776612282,"b":0.36097559332847595}},{"UUID":"13:137","layoutMainAxisSizing":null,"layoutCrossAxisSizing":null,"name":"primary/900","isVisible":false,"boundaryRectangle":null,"style":null,"prototypeNodeUUID":null,"child":null,"constraints":null,"description":"","pbdlType":"global_color","color":{"a":1.0,"r":0.019607841968536377,"g":0.029411811381578445,"b":0.18039216101169586}},{"UUID":"13:138","layoutMainAxisSizing":null,"layoutCrossAxisSizing":null,"name":"primary/400","isVisible":false,"boundaryRectangle":null,"style":null,"prototypeNodeUUID":null,"child":null,"constraints":null,"description":"","pbdlType":"global_color","color":{"a":1.0,"r":0.2780487537384033,"g":0.3138211965560913,"b":0.9219512939453125}},{"UUID":"13:139","layoutMainAxisSizing":null,"layoutCrossAxisSizing":null,"name":"primary/300","isVisible":false,"boundaryRectangle":null,"style":null,"prototypeNodeUUID":null,"child":null,"constraints":null,"description":"","pbdlType":"global_color","color":{"a":1.0,"r":0.45853644609451294,"g":0.4853658080101013,"b":0.9414635300636292}},{"UUID":"13:140","layoutMainAxisSizing":null,"layoutCrossAxisSizing":null,"name":"primary/200","isVisible":false,"boundaryRectangle":null,"style":null,"prototypeNodeUUID":null,"child":null,"constraints":null,"description":"","pbdlType":"global_color","color":{"a":1.0,"r":0.6390243172645569,"g":0.6569105386734009,"b":0.960975706577301}},{"UUID":"13:141","layoutMainAxisSizing":null,"layoutCrossAxisSizing":null,"name":"primary/100","isVisible":false,"boundaryRectangle":null,"style":null,"prototypeNodeUUID":null,"child":null,"constraints":null,"description":"","pbdlType":"global_color","color":{"a":1.0,"r":0.8196077942848206,"g":0.8274509310722351,"b":0.9803921580314636}},{"UUID":"13:143","layoutMainAxisSizing":null,"layoutCrossAxisSizing":null,"name":"primary/50","isVisible":false,"boundaryRectangle":null,"style":null,"prototypeNodeUUID":null,"child":null,"constraints":null,"description":"","pbdlType":"global_color","color":{"a":1.0,"r":0.9458823204040527,"g":0.948235273361206,"b":0.9941177368164062}},{"UUID":"18:44","layoutMainAxisSizing":null,"layoutCrossAxisSizing":null,"name":"foundation/white","isVisible":false,"boundaryRectangle":null,"style":null,"prototypeNodeUUID":null,"child":null,"constraints":null,"description":"","pbdlType":"global_color","color":{"a":1.0,"r":1.0,"g":1.0,"b":1.0}},{"UUID":"25:74","layoutMainAxisSizing":null,"layoutCrossAxisSizing":null,"name":"foundation/success","isVisible":false,"boundaryRectangle":null,"style":null,"prototypeNodeUUID":null,"child":null,"constraints":null,"description":"","pbdlType":"global_color","color":{"a":1.0,"r":0.0,"g":0.5,"b":0.11000001430511475}},{"UUID":"209:2331","layoutMainAxisSizing":null,"layoutCrossAxisSizing":null,"name":"foundation/error","isVisible":false,"boundaryRectangle":null,"style":null,"prototypeNodeUUID":null,"child":null,"constraints":null,"description":"","pbdlType":"global_color","color":{"a":1.0,"r":0.6166666746139526,"g":0.0,"b":2.2053718851111626e-7}},{"UUID":"348:4996","layoutMainAxisSizing":null,"layoutCrossAxisSizing":null,"name":"mute/red","isVisible":false,"boundaryRectangle":null,"style":null,"prototypeNodeUUID":null,"child":null,"constraints":null,"description":"","pbdlType":"global_color","color":{"a":1.0,"r":1.0,"g":0.7875000238418579,"b":0.7875000238418579}},{"UUID":"348:4997","layoutMainAxisSizing":null,"layoutCrossAxisSizing":null,"name":"mute/green","isVisible":false,"boundaryRectangle":null,"style":null,"prototypeNodeUUID":null,"child":null,"constraints":null,"description":"","pbdlType":"global_color","color":{"a":1.0,"r":0.7647058963775635,"g":1.0,"b":0.7568627595901489}},{"UUID":"348:4998","layoutMainAxisSizing":null,"layoutCrossAxisSizing":null,"name":"mute/orange","isVisible":false,"boundaryRectangle":null,"style":null,"prototypeNodeUUID":null,"child":null,"constraints":null,"description":"","pbdlType":"global_color","color":{"a":1.0,"r":1.0,"g":0.8331666588783264,"b":0.6791666746139526}},{"UUID":"355:3351","layoutMainAxisSizing":null,"layoutCrossAxisSizing":null,"name":"mute/blue","isVisible":false,"boundaryRectangle":null,"style":null,"prototypeNodeUUID":null,"child":null,"constraints":null,"description":"","pbdlType":"global_color","color":{"a":1.0,"r":0.737500011920929,"g":0.9054999351501465,"b":1.0}},{"UUID":"13:11","layoutMainAxisSizing":null,"layoutCrossAxisSizing":null,"name":"Neutral/Neutral800","isVisible":false,"boundaryRectangle":null,"style":null,"prototypeNodeUUID":null,"child":null,"constraints":null,"description":"","pbdlType":"global_color","color":{"a":1.0,"r":0.12156862765550613,"g":0.16078431904315948,"b":0.21568627655506134}},{"UUID":"13:10","layoutMainAxisSizing":null,"layoutCrossAxisSizing":null,"name":"On Primary/White - High","isVisible":false,"boundaryRectangle":null,"style":null,"prototypeNodeUUID":null,"child":null,"constraints":null,"description":"","pbdlType":"global_color","color":{"a":0.949999988079071,"r":1.0,"g":1.0,"b":1.0}},{"UUID":"13:13","layoutMainAxisSizing":null,"layoutCrossAxisSizing":null,"name":"Feedback/Success","isVisible":false,"boundaryRectangle":null,"style":null,"prototypeNodeUUID":null,"child":null,"constraints":null,"description":"","pbdlType":"global_color","color":{"a":1.0,"r":0.07450980693101883,"g":0.8078431487083435,"b":0.4000000059604645}},{"UUID":"13:15","layoutMainAxisSizing":null,"layoutCrossAxisSizing":null,"name":"Neutral/Neutral600","isVisible":false,"boundaryRectangle":null,"style":null,"prototypeNodeUUID":null,"child":null,"constraints":null,"description":"","pbdlType":"global_color","color":{"a":1.0,"r":0.29411765933036804,"g":0.3333333432674408,"b":0.38823530077934265}},{"UUID":"13:18","layoutMainAxisSizing":null,"layoutCrossAxisSizing":null,"name":"On Surface/Black - Medium","isVisible":false,"boundaryRectangle":null,"style":null,"prototypeNodeUUID":null,"child":null,"constraints":null,"description":"","pbdlType":"global_color","color":{"a":1.0,"r":0.3803921639919281,"g":0.4313725531101227,"b":0.48627451062202454}},{"UUID":"13:144","layoutMainAxisSizing":null,"layoutCrossAxisSizing":null,"name":"White","isVisible":false,"boundaryRectangle":null,"style":null,"prototypeNodeUUID":null,"child":null,"constraints":null,"description":"","pbdlType":"global_color","color":{"a":1.0,"r":1.0,"g":1.0,"b":1.0}},{"UUID":"13:149","layoutMainAxisSizing":null,"layoutCrossAxisSizing":null,"name":"Red","isVisible":false,"boundaryRectangle":null,"style":null,"prototypeNodeUUID":null,"child":null,"constraints":null,"description":"","pbdlType":"global_color","color":{"a":1.0,"r":0.9215686321258545,"g":0.34117648005485535,"b":0.34117648005485535}},{"UUID":"13:147","layoutMainAxisSizing":null,"layoutCrossAxisSizing":null,"name":"Body Text","isVisible":false,"boundaryRectangle":null,"style":null,"prototypeNodeUUID":null,"child":null,"constraints":null,"description":"","pbdlType":"global_color","color":{"a":1.0,"r":0.11764705926179886,"g":0.11764705926179886,"b":0.11764705926179886}},{"UUID":"13:2359","layoutMainAxisSizing":null,"layoutCrossAxisSizing":null,"name":"White2","isVisible":false,"boundaryRectangle":null,"style":null,"prototypeNodeUUID":null,"child":null,"constraints":null,"description":"","pbdlType":"global_color","color":{"a":1.0,"r":1.0,"g":1.0,"b":1.0}},{"UUID":"184:2163","layoutMainAxisSizing":null,"layoutCrossAxisSizing":null,"name":"white3","isVisible":false,"boundaryRectangle":null,"style":null,"prototypeNodeUUID":null,"child":null,"constraints":null,"description":"","pbdlType":"global_color","color":{"a":1.0,"r":1.0,"g":1.0,"b":1.0}},{"UUID":"64:384","layoutMainAxisSizing":null,"layoutCrossAxisSizing":null,"name":"foundation/error2","isVisible":false,"boundaryRectangle":null,"style":null,"prototypeNodeUUID":null,"child":null,"constraints":null,"description":"","pbdlType":"global_color","color":{"a":1.0,"r":0.6418473124504089,"g":0.0,"b":0.0}},{"UUID":"13:2396","layoutMainAxisSizing":null,"layoutCrossAxisSizing":null,"name":"white4","isVisible":false,"boundaryRectangle":null,"style":null,"prototypeNodeUUID":null,"child":null,"constraints":null,"description":"","pbdlType":"global_color","color":{"a":1.0,"r":1.0,"g":1.0,"b":1.0}},{"UUID":"13:2392","layoutMainAxisSizing":null,"layoutCrossAxisSizing":null,"name":"foundation/warning","isVisible":false,"boundaryRectangle":null,"style":null,"prototypeNodeUUID":null,"child":null,"constraints":null,"description":"","pbdlType":"global_color","color":{"a":1.0,"r":0.8751652836799622,"g":0.4738044738769531,"b":0.0026417970657348633}},{"UUID":"13:2395","layoutMainAxisSizing":null,"layoutCrossAxisSizing":null,"name":"foundation/success2","isVisible":false,"boundaryRectangle":null,"style":null,"prototypeNodeUUID":null,"child":null,"constraints":null,"description":"","pbdlType":"global_color","color":{"a":1.0,"r":0.0,"g":0.552807092666626,"b":0.15478593111038208}},{"UUID":"13:2393","layoutMainAxisSizing":null,"layoutCrossAxisSizing":null,"name":"foundation/error3","isVisible":false,"boundaryRectangle":null,"style":null,"prototypeNodeUUID":null,"child":null,"constraints":null,"description":"","pbdlType":"global_color","color":{"a":1.0,"r":0.6418473124504089,"g":0.0,"b":0.0}},{"UUID":"312:2471","layoutMainAxisSizing":null,"layoutCrossAxisSizing":null,"name":"gray/400","isVisible":false,"boundaryRectangle":null,"style":null,"prototypeNodeUUID":null,"child":null,"constraints":null,"description":"","pbdlType":"global_color","color":{"a":1.0,"r":0.6015552282333374,"g":0.6015552282333374,"b":0.6015552282333374}}],"textStyles":[{"UUID":"13:12","layoutMainAxisSizing":null,"layoutCrossAxisSizing":null,"name":"Subtitle/Subtitle 1 - Bold","isVisible":false,"boundaryRectangle":null,"style":null,"prototypeNodeUUID":null,"child":null,"constraints":null,"description":"","pbdlType":"global_text_style","textStyle":{"UUID":"","layoutMainAxisSizing":null,"layoutCrossAxisSizing":null,"name":"","isVisible":false,"boundaryRectangle":null,"style":null,"prototypeNodeUUID":"","child":null,"constraints":null,"fontFamily":"Inter","fontPostScriptName":"Inter-Bold","paragraphSpacing":0,"paragraphIndent":0,"listSpacing":0,"italics":null,"fontWeight":700,"fontSize":16.0,"textCase":"ORIGINAL","textDecoration":"NONE","textAutoResize":"WIDTH_AND_HEIGHT","textAlignHorizontal":"LEFT","textAlignVertical":"TOP","letterSpacing":0.15000000596046448,"fills":null,"hyperLink":null,"opentypeFlags":{},"lineHeightPx":24.0,"lineHeightPercent":123.94366455078125,"lineHeightPercentFontSize":150.0,"lineHeightUnit":"PIXELS","pbdlType":"text_style"}},{"UUID":"13:14","layoutMainAxisSizing":null,"layoutCrossAxisSizing":null,"name":"Subtitle/Subtitle 2 - Bold","isVisible":false,"boundaryRectangle":null,"style":null,"prototypeNodeUUID":null,"child":null,"constraints":null,"description":"","pbdlType":"global_text_style","textStyle":{"UUID":"","layoutMainAxisSizing":null,"layoutCrossAxisSizing":null,"name":"","isVisible":false,"boundaryRectangle":null,"style":null,"prototypeNodeUUID":"","child":null,"constraints":null,"fontFamily":"Inter","fontPostScriptName":"Inter-Bold","paragraphSpacing":0,"paragraphIndent":0,"listSpacing":0,"italics":null,"fontWeight":700,"fontSize":14.0,"textCase":"ORIGINAL","textDecoration":"NONE","textAutoResize":"WIDTH_AND_HEIGHT","textAlignHorizontal":"LEFT","textAlignVertical":"TOP","letterSpacing":0.10000000149011612,"fills":null,"hyperLink":null,"opentypeFlags":{},"lineHeightPx":18.0,"lineHeightPercent":106.2374267578125,"lineHeightPercentFontSize":128.57142639160156,"lineHeightUnit":"PIXELS","pbdlType":"text_style"}},{"UUID":"13:16","layoutMainAxisSizing":null,"layoutCrossAxisSizing":null,"name":"Body/Body 1","isVisible":false,"boundaryRectangle":null,"style":null,"prototypeNodeUUID":null,"child":null,"constraints":null,"description":"","pbdlType":"global_text_style","textStyle":{"UUID":"","layoutMainAxisSizing":null,"layoutCrossAxisSizing":null,"name":"","isVisible":false,"boundaryRectangle":null,"style":null,"prototypeNodeUUID":"","child":null,"constraints":null,"fontFamily":"Inter","fontPostScriptName":null,"paragraphSpacing":0,"paragraphIndent":0,"listSpacing":0,"italics":null,"fontWeight":400,"fontSize":16.0,"textCase":"ORIGINAL","textDecoration":"NONE","textAutoResize":"WIDTH_AND_HEIGHT","textAlignHorizontal":"LEFT","textAlignVertical":"TOP","letterSpacing":0.5,"fills":null,"hyperLink":null,"opentypeFlags":{},"lineHeightPx":28.0,"lineHeightPercent":144.60093688964844,"lineHeightPercentFontSize":175.0,"lineHeightUnit":"PIXELS","pbdlType":"text_style"}},{"UUID":"13:19","layoutMainAxisSizing":null,"layoutCrossAxisSizing":null,"name":"Caption/Regular","isVisible":false,"boundaryRectangle":null,"style":null,"prototypeNodeUUID":null,"child":null,"constraints":null,"description":"","pbdlType":"global_text_style","textStyle":{"UUID":"","layoutMainAxisSizing":null,"layoutCrossAxisSizing":null,"name":"","isVisible":false,"boundaryRectangle":null,"style":null,"prototypeNodeUUID":"","child":null,"constraints":null,"fontFamily":"Inter","fontPostScriptName":null,"paragraphSpacing":0,"paragraphIndent":0,"listSpacing":0,"italics":null,"fontWeight":500,"fontSize":12.0,"textCase":"ORIGINAL","textDecoration":"NONE","textAutoResize":"WIDTH_AND_HEIGHT","textAlignHorizontal":"LEFT","textAlignVertical":"TOP","letterSpacing":0.4000000059604645,"fills":null,"hyperLink":null,"opentypeFlags":{},"lineHeightPx":16.0,"lineHeightPercent":110.1721420288086,"lineHeightPercentFontSize":133.3333282470703,"lineHeightUnit":"PIXELS","pbdlType":"text_style"}}],"themeColors":[],"themeTextStyles":[]},"pbdlType":"project","azure_container_uri":"https://pbcloudstorage.blob.core.windows.net/24bir6hxn1krhtqgrxktri"}